author_username,avg_play_count,avg_engagement,avg_likes,avg_shares,avg_comments,avg_hashtags,avg_duration,avg_posting_hour,video_count,category,tier
.benbatmanim,10604.657458563535,0.033881458563535916,179.6353591160221,15.353591160220995,9.80110497237569,4.828729281767956,18.54696132596685,11.12707182320442,181,fitness_health,2
1453harunnn,364907.19252548134,0.03338307472253681,14535.2355605889,296.86296715741787,120.87655719139298,0.0033975084937712344,43.95696489241223,13.165345413363534,883,fitness_health,1
_tolgahansimsek_,75628.71428571429,0.021005938775510203,2743.6530612244896,167.0612244897959,46.95918367346939,3.877551020408163,32.42857142857143,11.693877551020408,49,travel,2
a.stray.bulut,179326.76763990268,0.06667318575425789,11929.503649635037,273.485401459854,112.37591240875912,2.546228710462287,22.248175182481752,12.635036496350365,822,fitness_health,1
adabuyuk,365106.08108108107,0.03411656756756757,10882.331081081082,439.52702702702703,102.23648648648648,2.8378378378378377,54.99324324324324,14.054054054054054,148,gaming,1
adagulsoy,741317.9913978495,0.024888154838709677,16524.68817204301,1850.774193548387,95.33118279569892,0.26021505376344084,21.883870967741935,15.23225806451613,465,food_beverage,1
ademhocaileturkce,8669.104812129202,0.02214256888595913,200.62755438365195,17.488464073829928,1.4765985497692815,9.058009228740936,52.14771061305208,14.03295978905735,1517,education,1
agirsaglam_fitness,99185.7417721519,0.03140441010126582,3117.6810126582277,136.49620253164557,22.835443037974684,1.4835443037974683,53.210126582278484,14.678481012658228,395,fitness_health,1
aleynabeyazgul,2519540.1028277637,0.04955802820051413,72684.86632390745,1658.2185089974294,354.1002570694087,0.8431876606683805,37.20565552699229,14.858611825192803,389,lifestyle,0
alisasezenseve,1674879.6909492274,0.04340915231788079,67583.05077262693,1143.3156732891832,327.4790286975717,0.1479028697571744,23.055187637969095,13.626931567328919,453,entertainment,0
amazonicee,35397.871369294604,0.021394850622406637,737.149377593361,19.244813278008298,19.58091286307054,1.2365145228215768,18.232365145228215,13.742738589211617,241,travel,1
andmcetin,213775.09433962265,0.01060925283018868,2153.8981132075473,234.30188679245282,32.62641509433962,2.890566037735849,60.426415094339625,14.622641509433961,265,business_finance,2
ardabuild,448021.52875175315,0.03145317461430575,12309.797335203366,717.2461430575036,81.34291725105189,4.157082748948107,36.849929873772794,17.302244039270686,1426,fitness_health,1
aslan.dovusuyor,132961.83137254903,0.026811501960784315,3172.8392156862747,95.85098039215686,49.54509803921569,20.392156862745097,48.568627450980394,13.72156862745098,255,fitness_health,2
atakanozyurt,1700146.108786611,0.047966920502092045,77918.79916317992,2591.6610878661086,392.8451882845188,0.3389121338912134,19.389121338912133,14.615062761506277,239,entertainment,0
aybukeasar,217953.06666666668,0.013319241666666667,3352.9708333333333,343.03541666666666,23.839583333333334,5.114583333333333,61.74791666666667,15.214583333333334,480,food_beverage,1
aykutelmas911,1429460.625,0.051939281250000004,69145.40625,5111.73125,301.475,0.0375,66.16875,11.375,160,entertainment,0
aylin.teacher,14703.896551724138,0.029146344827586206,416.0344827586207,21.82758620689655,13.448275862068966,2.586206896551724,440.41379310344826,15.413793103448276,29,education,2
ayline.ea,1174902.380952381,0.04370991630952379,60074.95238095238,11409.369047619048,164.0,9.357142857142858,31.80952380952381,17.214285714285715,84,food_beverage,0
babioyunda,9297.254180602007,0.024424133779264213,129.7056856187291,3.4648829431438126,12.324414715719064,6.60200668896321,106.70568561872909,14.0,299,gaming,2
bahman_golshaei,10301.50193050193,0.015508814671814673,148.4942084942085,14.772200772200772,2.7953667953667956,0.10424710424710425,68.67567567567568,13.888030888030888,259,fitness_health,2
bakirkertenkilee31,29587.823529411766,0.059278352941176476,1216.7058823529412,236.2941176470588,0.0,2.3529411764705883,35.11764705882353,12.764705882352942,17,entertainment,1
baranalpyaman,88089.32692307692,0.02321392307692308,1837.3653846153845,137.23076923076923,27.326923076923077,5.25,46.32692307692308,16.75,52,fashion_beauty,1
barisonurfitness,30513.403755868545,0.026604455399061033,734.5305164319249,35.51643192488263,9.910798122065728,2.643192488262911,26.44600938967136,14.338028169014084,213,fitness_health,1
bartopk,152739.72627737228,0.02523207299270073,2576.5255474452556,55.916058394160586,20.945255474452555,1.5255474452554745,18.385324817518246,12.295620437956204,274,fitness_health,2
barzomert,15280.592592592593,0.023152407407407406,367.75925925925924,31.0,20.203703703703702,5.0,39.31481481481482,11.148148148148149,54,fitness_health,2
batinbalcioglu,577173.0434782609,0.028600313043478258,8636.678260869565,508.2608695652174,123.41739130434783,3.0956521739130434,30.895652173913042,16.37391304347826,115,fashion_beauty,1
batuhanbayir,1524893.2515337423,0.025001901809815947,35817.5981595092,4680.141104294478,181.73926380368098,2.214723926380368,30.79447852760736,14.003067484662576,326,food_beverage,0
bayandersonlab,551192.8571428572,0.022202142857142858,12830.57142857143,2004.9285714285713,93.28571428571429,4.5,73.28571428571429,13.0,14,fitness_health,2
baykusmentorluk,96444.34125636672,0.023283614601018673,2684.9422750424446,84.45161290322581,10.402376910016978,3.2444821731748728,47.41765704584041,15.881154499151103,589,education,1
berkerbasmanav0,853465.8636363636,0.019052505050505052,10995.222222222223,1599.1565656565656,88.86363636363636,3.797979797979798,35.343434343434346,12.484848484848484,198,food_beverage,2
beroplans,256171.42857142858,0.05266457142857143,10193.285714285714,3494.285714285714,91.0,4.714285714285714,76.0,15.428571428571429,7,travel,1
beyzasen7_,494776.1653333333,0.03737562655999999,8977.594666666666,868.4266666666666,38.736,4.634666666666667,33.912,12.992,375,entertainment,1
bilalhanci,1116868.5534591195,0.05829100616352201,62720.088050314465,1945.9433962264152,358.38993710691824,0.11949685534591195,21.22012578616352,15.30817610062893,159,entertainment,0
binetegitim,26214.283251231525,0.019035224137931035,539.6896551724138,48.2807881773399,20.874384236453203,5.554187192118227,28.137931034482758,16.32512315270936,406,education,1
borazone,23497.109090909093,0.012985412121212122,207.9030303030303,30.933333333333334,3.4909090909090907,6.775757575757575,33.2,12.648484848484848,165,travel,2
borsam27,4086.5539906103286,0.015337353615023471,38.47417840375587,0.9843505477308294,3.8466353677621283,5.264475743348982,56.508607198748045,14.96870109546166,639,business_finance,1
brooyuncuu,113037.78197674418,0.03449636316860464,2177.6831395348836,11.023255813953488,13.712209302325581,8.549418604651162,30.24127906976744,12.726744186046512,344,gaming,2
brsbaylans,18686.906542056076,0.024376037383177573,359.2897196261682,35.38317757009346,13.94392523364486,0.037383177570093455,22.1588785046729,9.476635514018692,107,fitness_health,2
brscbc,58533.58204334365,0.015298721331269348,547.1083591331269,73.84520123839009,55.55727554179567,4.015479876160991,80.02786377708978,11.659442724458204,323,business_finance,2
burc.ico,479208.54347826086,0.017665978260869564,7691.576086956522,200.90217391304347,53.28260869565217,0.0,62.58695652173913,11.054347826086957,92,entertainment,2
busezeynep,4441755.353319058,0.03617789507494647,153961.04282655247,9551.726980728052,716.9646680942184,4.356531049250536,58.84261241970022,15.37152034261242,934,food_beverage,0
busrakendirlioglu,297153.61914460285,0.028011523421588594,11138.281059063136,579.2464358452138,52.63747454175153,0.7983706720977597,33.0183299389002,14.022403258655805,491,lifestyle,1
byt_matematik,8467.583333333334,0.029672428571428572,218.70238095238096,20.666666666666668,6.071428571428571,4.940476190476191,119.07142857142857,14.571428571428571,84,education,2
cabbarhale,289039.3939393939,0.04389246193181817,14532.121212121212,616.9583333333334,46.56439393939394,3.268939393939394,23.90530303030303,17.068181818181817,264,lifestyle,1
cansutarimm,1166618.6203208556,0.033725342192513365,23897.68983957219,1830.572192513369,207.7058823529412,0.7433155080213903,42.411764705882355,12.449197860962567,187,entertainment,1
cemkurttekin,468576.67844522966,0.05940325413427559,27732.0,3580.0671378091874,118.773851590106,0.01060070671378092,22.830388692579504,14.823321554770319,283,fitness_health,1
chabyh,2505000.0,0.060624207916666645,107608.5,2800.125,803.3333333333334,0.5416666666666666,44.083333333333336,14.375,24,entertainment,0
cihatecicek,161549.4477124183,0.015260245098039214,1730.8300653594772,292.7156862745098,56.64705882352941,16.61111111111111,135.34640522875816,14.133986928104575,306,business_finance,2
cisileyup,442092.01086956525,0.05225899978260869,23115.195652173912,3022.195652173913,82.43478260869566,3.630434782608696,39.90217391304348,14.5,92,entertainment,1
corafurkann,196750.23346303502,0.04429394150453955,4449.015564202335,284.57587548638134,30.819714656290532,0.17250324254215305,21.35538261997406,14.680933852140077,771,fashion_beauty,1
danlabilic,2925079.207920792,0.02895283168316832,63980.86138613861,1280.960396039604,246.03960396039605,0.44554455445544555,40.13861386138614,14.702970297029703,101,fashion_beauty,0
derintaluu,469264.3020594966,0.01529799771167048,9024.699084668193,661.5823798627002,42.0629290617849,0.07322654462242563,25.956521739130434,14.657894736842104,874,fashion_beauty,1
dervin.com.tr,12707.067178502879,0.025634368522072938,204.16890595009596,16.712092130518233,13.166986564299425,7.980806142034549,244.40992130518234,12.147792706333973,521,business_finance,2
dilanaydanaydin,44292.62903225807,0.028951628870967732,1183.0,48.87903225806452,23.443548387096776,7.483870967741935,60.33870967741935,15.10483870967742,124,lifestyle,2
dilanhocam_cografya,14193.015151515152,0.028475174204545452,223.16287878787878,19.428030303030305,17.011363636363637,2.882575757575758,31.806818181818183,15.571969696969697,264,education,1
donanimarsivi,130838.58870967742,0.036197483790322574,3558.4919354838707,284.10483870967744,90.75806451612904,0.056451612903225805,59.07258064516129,15.048387096774194,124,tech,1
duhabum,70636.61584327086,0.03418555877342419,1894.6039182282793,67.80068143100512,22.471890971039183,2.6499148211243613,32.170357751277685,15.224020442930152,1174,fitness_health,1
duygusacu,186758.08227848102,0.024590174050632914,2956.096518987342,225.72784810126583,28.292721518987342,10.585443037974683,31.273870253164556,13.610759493670885,632,lifestyle,2
dyt.eminolcekci,193393.38036809815,0.02156771165644172,3069.4969325153374,806.1963190184049,30.87116564417178,0.9938650306748467,29.282208588957054,17.54601226993865,163,food_beverage,1
e.a.matematik,21990.292397660818,0.01992224269005848,494.40058479532166,79.21052631578948,6.783625730994152,1.2953216374269005,68.15789473684211,14.461988304093568,342,education,1
ebru.ozelegitim,720407.2463768116,0.029607072463768116,22964.507246376812,464.6811594202899,108.85507246376811,5.884057971014493,43.869565217391305,14.81159420289855,69,education,1
ecenanz,75328.41666666667,0.02268808333333333,1210.875,63.208333333333336,28.958333333333332,4.958333333333333,43.916666666666664,16.75,24,food_beverage,1
ecenaz.karaca,67330.65467625899,0.030600021438848914,1954.3525179856115,115.15107913669065,13.215827338129497,2.1007194244604315,26.755395683453237,12.66906474820144,139,fitness_health,2
edagrkn,42504.730769230766,0.015476807692307692,769.8076923076923,48.73076923076923,8.903846153846153,0.38461538461538464,50.90384615384615,13.25,52,food_beverage,2
efedemmr,226768.47837837838,0.022603232432432434,3003.908108108108,215.42972972972973,28.224324324324325,0.672972972972973,25.562162162162164,15.751351351351351,370,fitness_health,1
efeilefinans,110231.86956521739,0.023466869565217395,2476.1739130434785,102.6086956521739,36.869565217391305,4.695652173913044,92.21739130434783,15.695652173913043,23,business_finance,2
efeparlakdemirr,873914.9606299213,0.047111161338582674,42816.04724409449,5032.507874015748,147.1771653543307,0.9881889763779528,25.80314960629921,15.618110236220472,254,entertainment,0
efesener.mvp,6493.333333333333,0.030887523809523806,168.04761904761904,32.61904761904762,8.19047619047619,3.0952380952380953,61.04761904761905,16.0,21,tech,1
ege.fitness,90291.63196125907,0.04509111619854721,3749.690072639225,122.17917675544794,33.86198547215496,6.394673123486683,13.169491525423728,13.682808716707022,413,fitness_health,1
egosun_yks_gunlugu,22397.785714285714,0.031310142857142856,847.1428571428571,52.07142857142857,20.107142857142858,8.535714285714286,44.07142857142857,15.321428571428571,28,education,2
elifirmakeenguzel,504736.26126126124,0.06381925082207206,21669.394144144146,833.1610360360361,102.37387387387388,0.268018018018018,72.08108108108108,17.57207207207207,888,fashion_beauty,1
eliz.seray,13310.493333333334,0.03246384,206.57333333333332,61.85333333333333,4.746666666666667,1.5466666666666666,37.92,14.68,75,food_beverage,1
elvin,876810.9589041095,0.017493013698630138,9067.342465753425,354.26027397260276,85.67123287671232,0.7671232876712328,52.58904109589041,16.82191780821918,73,fashion_beauty,1
elvindamatoglu,155570.94949494948,0.02560468686868687,2321.4141414141413,139.07070707070707,47.03030303030303,0.6262626262626263,56.90909090909091,13.313131313131313,99,fashion_beauty,2
emirelidemir0,2536094.2693409743,0.03600200859598854,74675.44126074499,3891.3696275071634,358.2005730659026,6.624641833810888,26.659025787965614,15.292263610315187,349,food_beverage,0
emirhaanctn,1323286.3636363635,0.0302825,36100.72727272727,2278.681818181818,552.0909090909091,2.0,23.90909090909091,13.727272727272727,22,entertainment,0
emrebaass,696976.4356435643,0.031029071287128715,24783.671287128713,996.7366336633663,65.43960396039604,2.4673267326732673,26.473267326732675,14.744554455445545,505,fitness_health,1
emrekrakaya,214219.7602739726,0.03286125342465753,8101.856164383562,416.13698630136986,63.363013698630134,1.3972602739726028,43.76712328767123,15.527397260273972,146,fitness_health,1
emssally,129047.89304812835,0.01993151336898396,2960.9786096256685,716.4812834224599,35.48663101604278,3.7058823529411766,50.55080213903744,14.663101604278076,187,food_beverage,1
enesazk,26778.94986807388,0.019500374670184697,522.5488126649077,43.21108179419525,9.060686015831134,0.15567282321899736,30.271767810026386,15.071240105540896,379,fitness_health,1
enespamuuk,86718.16358024691,0.02469891969135802,1944.2746913580247,133.3827160493827,35.660493827160494,2.746913580246914,18.666666666666668,13.290123456790123,324,fitness_health,1
enestendinle,176128.66315789474,0.012996989473684212,1244.3368421052633,104.81052631578947,49.04210526315789,4.778947368421052,34.71578947368421,11.221052631578948,95,fashion_beauty,2
erkanbasistay,245087.56195965418,0.02493772334293948,5675.198847262248,532.1239193083574,50.7492795389049,0.1642651296829971,15.654178674351584,14.106628242074928,347,fitness_health,1
ertugevrekli,74785.27797833935,0.01982370036101083,1368.620938628159,75.01805054151625,10.906137184115524,2.0,34.462093862815884,14.913357400722022,277,fitness_health,1
esrita.97,505804.59487179486,0.05719437902564099,27542.446153846155,1570.1128205128205,118.7897435897436,0.2512820512820513,42.90769230769231,14.430769230769231,195,entertainment,1
excel.egitim,501743.22222222225,0.018710037037037035,10318.925925925925,1101.237037037037,36.2962962962963,5.022222222222222,31.977777777777778,8.866666666666667,135,education,2
exerciseculture,29547.789915966387,0.023095789915966388,646.4873949579832,91.98319327731092,17.521008403361346,0.025210084033613446,46.80672268907563,15.907563025210084,119,fitness_health,1
fahriyenintarifleri,482852.1733128834,0.014863696319018405,6182.340490797546,2021.6242331288342,45.20552147239264,8.613496932515337,59.49693251533742,17.03680981595092,652,food_beverage,1
falpcan,13535.25,0.02872272595238094,346.57142857142856,80.38095238095238,11.464285714285714,4.904761904761905,29.88095238095238,15.916666666666666,84,fashion_beauty,1
fatihyasin,1858936.2068965517,0.047239387931034486,86596.38793103448,1580.4655172413793,453.5344827586207,0.1206896551724138,18.267241379310345,13.077586206896552,116,entertainment,0
ferdisahiin,1856.7843137254902,0.0281123137254902,38.6078431372549,2.7450980392156863,2.235294117647059,5.098039215686274,22.764705882352942,12.333333333333334,51,tech,2
feyzullahvaliyev,205056.1933085502,0.02437953810408922,4521.102230483271,690.9293680297397,40.59293680297398,6.408921933085502,33.737918215613384,14.016728624535316,1076,fitness_health,1
furkanakmans,409407.57547169813,0.023772301886792455,8514.650943396226,421.4622641509434,116.67924528301887,0.39622641509433965,55.132075471698116,16.028301886792452,106,tech,1
gezginkaravanci06_,31472.932989690722,0.02343373711340206,602.9484536082474,24.850515463917525,26.31958762886598,0.4175257731958763,94.4639175257732,13.216494845360824,194,travel,2
gobekli_koc,34419.52777777778,0.05188246451388884,2396.5555555555557,215.7902777777778,13.972222222222221,5.081944444444445,46.91111111111111,15.054166666666667,720,education,1
gokhantevek,363982.75423728814,0.04525871186440678,17962.86440677966,656.2203389830509,56.483050847457626,1.1101694915254237,27.847457627118644,13.288135593220339,118,entertainment,1
gulsahkocakk,227990.71942446043,0.018103690647482015,4435.503597122302,1224.1151079136691,18.26618705035971,6.323741007194244,32.69064748201439,15.496402877697841,139,food_beverage,1
guvencsyn,91596.0,0.01777384,1509.28,90.6,25.72,6.4,33.36,13.6,25,travel,2
hakan.k4yacan,10783.125,0.033991541666666666,240.54166666666666,17.34722222222222,4.708333333333333,1.5972222222222223,27.708333333333332,14.652777777777779,72,fitness_health,1
hakanetwork,9613.829545454546,0.029618488636363637,308.6363636363636,34.20454545454545,9.454545454545455,2.6931818181818183,59.125,15.875,88,business_finance,1
hangisupplement,71817.46808510639,0.023312446808510637,1681.5106382978724,325.6808510638298,72.95744680851064,0.2553191489361702,99.93617021276596,13.787234042553191,47,fitness_health,2
hanseats0,607058.44,0.0236788,18738.84,3480.2,31.6,4.68,38.36,13.2,25,food_beverage,2
harun_hoca,9128.043956043955,0.023659010879120874,197.1098901098901,44.54945054945055,4.5054945054945055,5.0,96.87912087912088,14.527472527472527,91,education,2
hasanfit,25997.855670103094,0.010633865979381443,289.9381443298969,38.381443298969074,5.958762886597938,1.8041237113402062,42.02061855670103,17.237113402061855,97,fitness_health,1
hazaliyorum,61168.70886075949,0.04172696202531646,3152.227848101266,188.65822784810126,30.075949367088608,4.3544303797468356,40.67088607594937,17.518987341772153,79,lifestyle,1
hilolgacc,22152.89430894309,0.026277016178861783,741.7723577235772,151.7642276422764,18.552845528455286,4.764227642276423,42.17886178861789,11.16260162601626,123,travel,2
hseyinqq,509422.0,0.0453999898989899,20980.575757575756,2576.6464646464647,86.96969696969697,0.020202020202020204,30.464646464646464,14.909090909090908,99,fitness_health,1
humadogukan,6973.444444444444,0.03554936111111111,121.41666666666667,19.194444444444443,5.694444444444445,4.722222222222222,66.97222222222223,15.055555555555555,36,travel,2
iam.can97,60509.55882352941,0.012515852941176471,865.7352941176471,177.73529411764707,27.235294117647058,4.735294117647059,65.82352941176471,13.970588235294118,34,fitness_health,2
ibrahimkurty,188040.0,0.01633352,3218.64,306.08,101.56,4.92,52.6,16.2,25,fitness_health,1
ilkergumusoluk,749734.8837209302,0.05157418137209303,30635.972093023254,2822.093023255814,174.12558139534883,0.2,53.65813953488372,12.044186046511628,430,entertainment,1
ipekersan,1554824.185483871,0.05414320532258062,52307.74193548387,4778.709677419355,235.2701612903226,0.31451612903225806,30.366935483870968,13.85483870967742,248,entertainment,0
ireemkii,56479.91472868217,0.024704434108527133,1666.0,79.9922480620155,15.364341085271318,4.953488372093023,41.713178294573645,12.868217054263566,129,food_beverage,2
iremakkyn,34821.449438202246,0.04138315730337079,758.4157303370787,242.96629213483146,6.370786516853933,4.741573033707865,23.59550561797753,12.865168539325843,89,food_beverage,2
irfanizbirakan,570332.8358208955,0.023187432835820896,12511.149253731342,389.13432835820896,97.98507462686567,1.0,83.05970149253731,14.746268656716419,67,tech,1
kahramanrf,142370.29761904763,0.024549952380952384,2926.1190476190477,115.41666666666667,60.0,5.2023809523809526,28.976190476190474,15.55952380952381,84,fitness_health,1
kardelen.kctrk,51298.38461538462,0.020651115384615386,1247.5384615384614,74.84615384615384,11.115384615384615,4.076923076923077,48.96153846153846,12.961538461538462,26,food_beverage,2
karizmauzmani,567128.4615384615,0.016528669230769233,8274.923076923076,938.9230769230769,59.10769230769231,0.8615384615384616,24.153846153846153,16.4,130,fashion_beauty,1
kenanertass,88641.36666666667,0.03571544966666664,3751.8166666666666,1054.0166666666667,24.233333333333334,1.5333333333333334,16.8,14.316666666666666,60,fitness_health,1
kere.m_sn1,7146.199074074074,0.03862990740740741,184.16203703703704,15.185185185185185,13.592592592592593,2.9675925925925926,20.74537037037037,14.796296296296296,216,fitness_health,1
kodlamalarlayks,30938.89224572004,0.025491645498489424,693.1993957703927,104.87311178247734,23.429003021148038,4.347432024169184,32.32729103726083,15.751258811681772,993,education,1
kollektifbaho,213032.56578947368,0.06270734845394736,11894.875,2170.9473684210525,95.19736842105263,0.006578947368421052,12.927631578947368,15.43421052631579,304,entertainment,1
konsolordd,23203.811881188118,0.01443940594059406,285.56435643564356,46.613861386138616,30.02970297029703,3.5247524752475248,50.306930693069305,12.584158415841584,101,gaming,2
konsoloyun,324012.36559139786,0.011138983870967742,4410.381720430108,100.33870967741936,53.95161290322581,2.5806451612903225,66.04838709677419,10.161290322580646,186,gaming,2
kurnazmatematik,21792.583732057417,0.026035385167464113,631.7392344497607,64.2177033492823,7.885167464114833,3.222488038277512,62.41866028708134,14.435406698564593,418,education,1
kursatdara69,18768.588888888888,0.01993393703703704,334.35555555555555,82.06296296296296,19.503703703703703,4.970370370370371,50.39259259259259,16.1,270,gaming,1
kutayayata,12050.6135770235,0.027327751958224542,209.09138381201043,22.60052219321149,33.838120104438644,0.15404699738903394,33.49608355091384,16.906005221932116,383,fitness_health,1
kutaykalabalik,835971.68,0.08965588423999978,78955.608,3046.616,442.032,0.068,25.552,15.612,250,entertainment,0
kutaystrong,218084.13274336283,0.013664188790560472,3884.687315634218,677.0324483775811,241.38053097345133,3.8761061946902653,27.421828908554573,16.188790560471976,339,fitness_health,1
kvandoan,155738.2304737516,0.06605838226632518,9861.259923175416,757.606914212548,127.47887323943662,5.2445582586427655,79.18693982074264,14.224071702944942,781,education,1
marsbengisu2,918951.724137931,0.03895631034482759,32150.120689655174,2261.8275862068967,192.1551724137931,4.172413793103448,25.517241379310345,17.224137931034484,58,entertainment,1
maskonomist,130668.4074074074,0.015240555555555556,2723.740740740741,106.67901234567901,47.46913580246913,14.358024691358025,44.69135802469136,13.777777777777779,81,business_finance,2
mavi.pompa,66178.26666666666,0.029461511111111113,1560.9555555555555,151.77777777777777,20.355555555555554,1.6222222222222222,35.77777777777778,11.266666666666667,45,gaming,2
melih_ozbek,105673.08974358975,0.017815038461538462,1245.6025641025642,75.35897435897436,10.756410256410257,3.6153846153846154,52.62820512820513,14.423076923076923,78,tech,2
melihagbi,473774.0352303523,0.03536083468834688,15068.373983739837,683.1192411924119,103.95392953929539,0.07046070460704607,47.68834688346883,12.300813008130081,369,entertainment,1
melisaaergun,56273.177777777775,0.03010166666666667,1301.0666666666666,154.48888888888888,16.533333333333335,13.977777777777778,31.977777777777778,16.844444444444445,45,food_beverage,2
meliskocyks,46661.91447368421,0.03789882230263158,1730.891447368421,116.78289473684211,29.032894736842106,4.052631578947368,29.450657894736842,14.657894736842104,304,education,1
memediste,1573.1666666666667,0.05654825,79.16666666666667,1.0,5.0,2.0,26.666666666666668,10.5,12,travel,2
mensscode,77118.55555555556,0.014799000000000001,1198.1975308641975,196.25925925925927,11.530864197530864,4.419753086419753,45.370370370370374,18.061728395061728,81,fashion_beauty,1
mertalllbayrak,640494.1421319797,0.016261736040609136,13951.517766497462,1265.4263959390862,134.53299492385787,6.67005076142132,59.984771573604064,15.969543147208121,197,food_beverage,1
mezunakalanlar,18254.484353741496,0.008305651700680271,210.93061224489796,52.2734693877551,0.17687074829931973,0.1564625850340136,72.17020408163265,15.508843537414966,735,education,1
milliyiyici,366384.79262672813,0.013216299539170506,4913.21198156682,433.5437788018433,81.51152073732719,4.23963133640553,93.61290322580645,16.161290322580644,217,food_beverage,1
muratdogtas,17030.154639175256,0.03351162886597938,442.30927835051546,72.23195876288659,20.13917525773196,0.5154639175257731,19.00515463917526,15.664948453608247,194,fitness_health,1
mustafacozer,434919.44910179643,0.014087407185628741,6505.802395209581,860.2095808383234,89.87425149700599,4.344311377245509,45.865269461077844,12.625748502994012,334,business_finance,2
mustanhasan,543095.9641255605,0.039562901345291474,19554.91479820628,285.56502242152465,269.32286995515693,4.690582959641255,33.7847533632287,14.201793721973095,223,entertainment,1
mzcbodybuilding,16245.95652173913,0.020497663043478262,255.5,38.69565217391305,26.956521739130434,3.510869565217391,185.3804347826087,10.76086956521739,92,fitness_health,2
n.oztel,57426.28897338403,0.03110207209125474,2807.661596958175,229.893536121673,19.76425855513308,0.9505703422053232,29.197718631178706,16.26615969581749,263,fitness_health,1
nalantutoglu,139267.04347826086,0.01987804347826087,703.2934782608696,177.25,9.16304347826087,5.804347826086956,35.75,16.380434782608695,92,travel,1
necmizengin6,54411.488038277515,0.018613033492822968,562.622009569378,126.96172248803828,17.177033492822968,2.9665071770334928,44.655502392344495,13.16267942583732,209,food_beverage,2
nihesal_,51293.256,0.040848367919999996,2066.448,191.288,14.408,1.664,29.832,14.68,125,lifestyle,1
nisafitss,49042.945539906104,0.031115239370892018,2326.3079812206574,198.30985915492957,15.938967136150234,2.3417840375586856,24.92769953051643,13.765258215962442,1065,lifestyle,1
novazeka,245184.90068493152,0.02992345890410959,7449.3835616438355,235.3082191780822,107.35958904109589,3.345890410958904,60.60958904109589,15.900684931506849,292,education,1
nurullahhocaportall,1574.6336633663366,0.023396158415841584,21.0,1.8415841584158417,2.1485148514851486,0.13861386138613863,77.31683168316832,13.0,101,education,2
ogrencidiliveedebiyati,22202.48780487805,0.056218804878048784,962.5365853658536,56.146341463414636,7.2439024390243905,4.658536585365853,85.29268292682927,10.390243902439025,41,education,2
ogulcan,1438334.2323232323,0.07800129131313122,95601.17171717172,2412.2727272727275,580.2121212121212,0.6363636363636364,27.242424242424242,13.94949494949495,99,entertainment,0
oguzustayks,219482.16446124762,0.03450536862003781,7992.395085066162,397.3837429111531,40.996219281663514,2.6540642722117203,30.979206049149337,16.61436672967864,529,education,1
okanuspor,14536.964788732394,0.02384317605633803,333.13380281690144,18.711267605633804,2.8661971830985915,0.6690140845070423,50.38028169014085,12.67605633802817,142,fitness_health,2
omurgamaxxer,10485.069444444445,0.028885791666666667,232.13888888888889,34.513888888888886,24.194444444444443,5.236111111111111,35.90277777777778,16.36111111111111,72,fitness_health,1
onurfit,29260.558139534885,0.01573287707641196,386.2292358803987,62.7641196013289,9.534883720930232,3.292358803986711,28.45514950166113,13.524916943521594,301,fitness_health,2
optimummatematik,128773.68176670442,0.014871439411098529,1690.237825594564,192.1030577576444,20.45073612684032,5.344280860702152,42.574178935447335,12.063420158550397,883,education,2
oyunkatledici,26620.114285714284,0.021714856999999994,535.2142857142857,41.714285714285715,31.885714285714286,3.5428571428571427,43.9638,14.057142857142857,70,gaming,2
ozturkkhaktan,258080.6853448276,0.024909282327586206,4703.2823275862065,201.58836206896552,76.26077586206897,1.605603448275862,33.17456896551724,15.793103448275861,464,fashion_beauty,1
papioyunda00,306727.273381295,0.06843158543165462,15721.305755395684,172.61330935251797,86.20863309352518,5.9640287769784175,26.26618705035971,12.81115107913669,556,gaming,1
para_analiz,942.7837837837837,0.1079039101351346,90.3108108108108,45.32432432432432,50.66216216216216,3.891891891891892,48.24324324324324,12.31081081081081,74,business_finance,1
ptnilll,7467.838461538461,0.055883222692307666,161.72307692307692,13.4,3.1769230769230767,3.7153846153846155,15.8,17.092307692307692,130,lifestyle,1
rasitbagzibagli,718144.537815126,0.013696151260504202,10926.66386554622,479.05882352941177,85.10084033613445,0.025210084033613446,36.78151260504202,14.789915966386555,119,fashion_beauty,1
riceofminaa,280653.36842105264,0.05621720999999997,13926.842105263158,990.4736842105264,116.0,4.421052631578948,18.789473684210527,11.0,19,lifestyle,2
roxanroxanna,38304.55172413793,0.019246879310344828,1031.7068965517242,96.94827586206897,21.137931034482758,5.5344827586206895,26.448275862068964,13.017241379310345,58,food_beverage,2
ruyandac,705282.8285714285,0.041840199999999994,28311.161904761906,1848.3809523809523,97.75238095238095,0.11428571428571428,37.2952380952381,14.457142857142857,105,entertainment,1
s.blt58,2186200.0,0.04997351923076923,102024.71153846153,8406.548076923076,6.384615384615385,0.875,28.75,16.423076923076923,104,entertainment,0
salihjohnnykonuk,42384.37037037037,0.01583047222222222,685.8703703703703,23.87962962962963,25.25925925925926,4.166666666666667,33.18518518518518,9.87037037037037,108,travel,2
sametisfit,79131.09677419355,0.015538505376344087,1284.3010752688172,54.13978494623656,16.086021505376344,0.16129032258064516,33.053763440860216,14.03225806451613,93,fitness_health,1
saniyetiktokkk,96654.64444444445,0.05712002222222222,5615.133333333333,391.97777777777776,22.333333333333332,5.0,47.955555555555556,10.133333333333333,45,entertainment,2
sarraf_gokhan,199769.05154639174,0.009437927835051546,2274.7388316151205,190.31615120274915,37.707903780068726,4.9243986254295535,32.36769759450172,12.920962199312715,291,business_finance,2
selenninky,16473.777777777777,0.05652627777777778,972.1111111111111,146.88888888888889,7.444444444444445,0.8888888888888888,20.444444444444443,16.38888888888889,18,lifestyle,1
senamiakalip,703660.1593625498,0.03622816932270916,25778.27888446215,608.0418326693227,94.18326693227091,0.099601593625498,18.193227091633467,13.737051792828685,502,entertainment,1
seninhocan,81066.42222222222,0.02176971111111111,1486.4888888888888,786.0,48.62222222222222,5.822222222222222,137.2435111111111,15.044444444444444,45,education,2
seyahaterapisi,557160.3472222222,0.036075125,32299.055555555555,504.9861111111111,341.9583333333333,2.5555555555555554,20.430555555555557,15.26388888888889,72,travel,1
seyfettinpeace,120045.71428571429,0.013033804511278195,1603.9323308270677,37.7593984962406,16.06766917293233,0.6240601503759399,39.63157894736842,14.691729323308271,133,fitness_health,1
sibilcetinkaya,454842.55663430423,0.024674681229773465,12189.398058252427,767.8171521035599,39.95307443365696,0.6618122977346278,24.016181229773462,14.90453074433657,618,lifestyle,1
simgetatoglu,58382.34328358209,0.030961208805970142,1702.0597014925372,116.25373134328358,33.656716417910445,1.328358208955224,51.64179104477612,16.746268656716417,67,fashion_beauty,1
sinemtemiiz,18643.370689655174,0.0424266723275862,910.9137931034483,40.37931034482759,15.629310344827585,5.25,29.54310344827586,12.974137931034482,116,travel,2
sonsuzzmatematikk,24957.743243243243,0.01931009445945945,883.972972972973,127.51351351351352,6.45945945945946,4.283783783783784,23.43243243243243,15.22972972972973,74,education,1
stifayn,54771.79338842975,0.013166553719008265,744.8264462809917,54.59504132231405,9.066115702479339,0.45454545454545453,55.64462809917355,16.297520661157026,121,fitness_health,1
temettu123,15500.8375,0.020119262500000002,180.625,28.925,12.8,4.475,91.825,12.025,80,business_finance,2
tiramisupremacyyy,9942.468085106382,0.06416050999999996,632.6382978723404,65.7872340425532,12.51063829787234,4.51063829787234,29.914893617021278,15.042553191489361,47,travel,1
tropikkayisi,26824.0,0.06651973199999991,2643.0,164.2,56.06666666666667,4.333333333333333,37.13333333333333,15.933333333333334,15,travel,1
ttab2nesquik,173858.58823529413,0.02616971895424837,4071.5098039215686,221.7843137254902,126.3921568627451,1.6862745098039216,106.3202614379085,12.92156862745098,153,gaming,2
ttuanaireem,1273023.3236151603,0.036474323498542266,43913.93586005831,1295.8396501457726,163.9941690962099,0.282798833819242,45.25947521865889,14.795918367346939,343,lifestyle,1
tuanatravels,18013.272727272728,0.037623772597402586,564.3311688311688,12.090909090909092,28.681818181818183,3.9740259740259742,34.298701298701296,11.87012987012987,154,travel,2
tuba_arslanoglu2210,328119.0099009901,0.017984978783592644,6801.373408769448,1592.4186704384724,32.394625176803395,13.422913719943423,80.47241867043847,13.521923620933523,707,food_beverage,2
tunagezz,695480.0289855072,0.027554427536231885,9039.855072463768,427.09420289855075,75.68840579710145,2.739130434782609,40.1231884057971,14.5,138,fashion_beauty,1
tutibody,84878.32780847145,0.026106257808471454,2094.182320441989,74.25598526703499,20.475138121546962,6.051565377532229,27.09576427255985,13.615101289134438,543,fitness_health,2
umutcandenizilyasoglu,1086432.0512820513,0.044425179487179486,45580.60256410256,3250.1923076923076,160.26923076923077,4.115384615384615,61.47435897435897,12.833333333333334,78,entertainment,0
umutfitness,77912.28920454545,0.049376247579545444,4130.84375,524.2363636363636,18.324431818181818,0.925,9.722159090909091,18.75625,1760,fitness_health,1
umutkaya.sartorial,138149.25806451612,0.03107335483870968,3985.5032258064516,111.05806451612904,43.42580645161291,0.25806451612903225,92.98709677419355,13.025806451612903,155,fashion_beauty,2
usluegitimkocu,72899.52830188679,0.010994905660377358,801.7421383647799,361.41509433962267,49.666666666666664,4.930817610062893,89.30188679245283,13.031446540880504,159,education,2
vlognova1,8767.142857142857,0.027349142857142857,199.28571428571428,3.4285714285714284,5.285714285714286,2.0,25.0,13.857142857142858,7,travel,1
volkman33,295361.2244897959,0.024409244897959183,6286.081632653061,249.6326530612245,283.6734693877551,2.8979591836734695,51.244897959183675,10.775510204081632,49,travel,2
weaarsmrt,215475.0,0.023568772727272726,4761.5,1321.0227272727273,73.68181818181819,3.1136363636363638,13.318181818181818,12.840909090909092,44,fashion_beauty,2
yagizkurtulus,1355736.0462962964,0.030568601851851854,12729.694444444445,774.2592592592592,34.98148148148148,0.5462962962962963,38.52777777777778,14.703703703703704,108,entertainment,1
yagmurofficia1,129088.42307692308,0.038678986923076905,5851.653846153846,867.8205128205128,63.48717948717949,4.589743589743589,27.423076923076923,15.23076923076923,78,entertainment,1
yatirimcifelsefes,198268.77358490566,0.02184588679245283,4553.632075471698,529.8899371069182,38.84276729559748,1.1949685534591195,35.600628930817614,15.735849056603774,318,business_finance,1
yavuztunailecografya,58541.77528089887,0.023283719101123597,1617.5280898876404,273.6741573033708,14.97752808988764,5.853932584269663,146.64767415730338,13.415730337078651,89,education,2
yemekvetatlitarifii,157219.26865671642,0.012593694029850746,1600.05223880597,358.7238805970149,12.044776119402986,4.037313432835821,21.47761194029851,14.059701492537313,134,food_beverage,2
yigit_mirhan,27658.627906976744,0.021779651162790698,495.64119601328906,60.75747508305648,29.169435215946844,2.661129568106312,101.52491694352159,14.106312292358805,301,fitness_health,2
yks_plus0,17472.68181818182,0.03636077272727273,655.7954545454545,34.5,17.65909090909091,4.954545454545454,47.38636363636363,15.045454545454545,44,education,1
yksbariscoban,13986.673881673882,0.012689536796536796,150.7171717171717,51.56998556998557,22.303030303030305,3.9754689754689756,88.92063492063492,12.685425685425685,693,education,2
yusufmert.ders,118037.77777777778,0.028677377777777777,3261.511111111111,243.75555555555556,11.022222222222222,2.8666666666666667,51.17777777777778,16.155555555555555,45,education,1
zeyakdeniz,42865.79054054054,0.031314303986486484,1621.9527027027027,401.43243243243245,12.121621621621621,0.581081081081081,24.283783783783782,14.04054054054054,148,travel,1
zorbaonursinirli,89748.71167048055,0.03983548510297483,3277.6887871853546,248.78489702517163,84.22425629290618,0.02745995423340961,55.8649885583524,14.794050343249427,437,fitness_health,1
zsd11111,196299.20588235295,0.03629783147058823,6998.877005347594,254.3101604278075,49.92780748663102,0.20053475935828877,20.21657754010695,14.240641711229946,374,entertainment,1
zsimsek_,79261.93689320388,0.026095179563106793,2848.3155339805826,268.30582524271847,11.844660194174757,0.009708737864077669,23.063106796116504,14.980582524271844,206,fitness_health,1
